Matching Scenario,Mean Accuracy,Number of Samples
Ambiguous,0.8797669491525424,59
Precise,0.9014692164179104,67
True Negative,0.8091517857142857,14
