prompt,success_rate,95%_CI_low,95%_CI_high
run1_000000,0.8870967741935484,0.8064516129032258,0.967741935483871
run3_001000,0.8870967741935484,0.8064516129032258,0.967741935483871
run13_000110,0.9193548387096774,0.8387096774193549,0.9838709677419355
run14_010110,0.9354838709677419,0.8709677419354839,0.9838709677419355
