prompt,ΔF0.5_vs_best,95%_CI_low,95%_CI_high,approx_p_value
run1_000000,0.06600021162330895,-0.011830677514930254,0.1395279330736485,0.091
run22_010101,0.010173649290980831,-0.05924854311421591,0.07626199706224417,0.7466
run24_010111,0.0,0.0,0.0,0.0
run32_011111,0.004287257465487334,-0.04323442403567451,0.04492690071560713,0.797
run50_110001,0.006744755226276243,-0.06885988921888896,0.07644022628600464,0.8334
run64_111111,0.04760904042032078,0.010495765992179091,0.09060521071419399,0.0086
