prompt,ΔF0.5_vs_baseline,95%_CI_low,95%_CI_high,approx_p_value
run22_010101,0.05582656233232811,-0.02550165226949758,0.13390036191602747,0.1724
run24_010111,0.06600021162330895,-0.011830677514930254,0.1395279330736485,0.091
run32_011111,0.061712954157821624,-0.006958294057796321,0.1272908009187531,0.0744
run50_110001,0.05925545639703271,-0.0151135124280608,0.13519436028450643,0.1194
run64_111111,0.018391171202988176,-0.05477802175164115,0.08583823372677096,0.5974
