prompt,Δsuccess_vs_best,95%_CI_low,95%_CI_high,approx_p_value
run13_000110,0.01628548387096775,0.0,0.048387096774193616,0.0
run14_010110,0.0,0.0,0.0,0.0
run1_000000,0.04851935483870968,0.0,0.11290322580645162,0.0
run3_001000,0.04851935483870968,0.0,0.11290322580645162,0.0
