prompt,Δsuccess_vs_baseline,95%_CI_low,95%_CI_high,approx_p_value
run13_000110,0.03223387096774193,0.0,0.08064516129032262,0.0
run14_010110,0.04851935483870968,0.0,0.11290322580645162,0.0
run3_001000,0.0,0.0,0.0,0.0
