prompt,macro_F1,95%_CI_low,95%_CI_high
run1_000000,0.6501078333655419,0.5659800361990429,0.7309013734219874
run22_010101,0.7054327036680051,0.6097810739204961,0.7948066300097486
run24_010111,0.7161197838878961,0.6228696163747862,0.8042334661741194
run32_011111,0.7117084449287566,0.6205530636444306,0.7976791357481101
run50_110001,0.7090219242975774,0.6186997572546814,0.7975148338190032
run64_111111,0.6686740359266501,0.576486000688391,0.7565209367947486
